data_coleta;concorrente;fonte;titulo;tipo;forca;maior_pct;status;qtd_produtos;pneus_monitorados;link;imagem;novidade
2026-10-09 13:18;Achei Pneus;Categoria de campanha;Pneus em oferta;Desconto / PIX;0;;pausada;0.0;;https://www.acheipneus.com.br/pneus-em-oferta;;
2026-10-09 13:18;Achei Pneus;Categoria de campanha;Linha off-road bfgoodrich km3;Desconto / PIX;0;;pausada;0.0;;https://www.acheipneus.com.br/pneus-em-oferta/linha-off-road-bfgoodrich-km3;;
2026-10-09 13:18;Achei Pneus;Categoria de campanha;Pneus com frete gratis;Frete grátis;0;;pausada;0.0;;https://www.acheipneus.com.br/pneu-frete-gratis;;
2026-10-09 13:18;Achei Pneus;Categoria de campanha;Brindes;Brinde;0;;pausada;0.0;;https://www.acheipneus.com.br/brindes;;
2026-10-09 13:18;PneuStore;Banner da página inicial;Promoção ate 2000OFF;Data comemorativa;4;;ativa;;;https://www.pneustore.com.br/niver11;https://static.verumcommerce.com.br/product/Pneustore/020d4d08c261d030dea3.webp?w=768&q=50;
2026-10-09 13:18;PneuStore;Banner da página inicial;pix até 18%;Desconto / PIX;4;18.0;ativa;;;https://www.pneustore.com.br/ofertadasemana;https://static.verumcommerce.com.br/product/Pneustore/6c8fe0b65efe35e3eea3.webp?w=768&q=50;
2026-10-09 13:18;PneuStore;Banner da página inicial;FRETE GRATIS MOTO;Frete grátis;3;;ativa;;;https://www.pneustore.com.br/categorias/motos;https://static.verumcommerce.com.br/product/Pneustore/e65caa153e5ebcd8f8cd.webp?w=768&q=50;
2026-10-09 13:18;PneuStore;Banner da página inicial;Frete Gratis;Frete grátis;3;;ativa;;;https://www.pneustore.com.br/selecaofrete;https://static.verumcommerce.com.br/product/Pneustore/e5b78e5c389adfa05a1c.webp?w=768&q=50;
2026-10-09 13:18;PneuStore;Banner da página inicial;FRETE GRÁTIS CARGA;Frete grátis;3;;ativa;;;https://www.pneustore.com.br/fretecarga;https://static.verumcommerce.com.br/product/Pneustore/fd2d310d893cb23b86f8.webp?w=768&q=50;
2026-10-09 13:18;PneuStore;Banner da página inicial;Banner Frete Grátis;Frete grátis;3;;ativa;;;https://www.pneustore.com.br/todos?title=xm2&page=1&pageSize=20&sortBy=Relevance;https://static.verumcommerce.com.br/product/Pneustore/0f5443aaedd50b9bd042.webp?w=3840&q=50;
2026-10-09 13:18;PneuStore;Banner da página inicial;ROTA PREMIADA;Sorteio / prêmio;2;;ativa;;;https://www.pneustore.com.br/rotapremiada;https://static.verumcommerce.com.br/product/Pneustore/741b98ab8dffb37c0fed.webp?w=768&q=50;
2026-10-09 13:18;PneuStore;Banner da página inicial;ROTA PREMIADA MICHELIN;Sorteio / prêmio;2;;ativa;;;https://www.pneustore.com.br/rotapremiada-michelin;https://static.verumcommerce.com.br/product/Pneustore/fe85d18ee5f5e2c411cb.webp?w=768&q=50;
2026-10-09 13:18;PneuStore;Banner da página inicial;ROTA PREMIADA SPEEDMAX;Sorteio / prêmio;2;;ativa;;;https://www.pneustore.com.br/rotapremiada-speedmax;https://static.verumcommerce.com.br/product/Pneustore/e041e8dd4015e0bc70a8.webp?w=768&q=50;
2026-10-09 13:18;PneuStore;Banner da página inicial;PAGALEVE;Pagamento alternativo;1;;ativa;;;https://www.pneustore.com.br/pneus;https://static.verumcommerce.com.br/product/Pneustore/49f67d43a3cd22049ea7.webp?w=768&q=50;
2026-10-09 13:18;PneuStore;Banner da página inicial;Garantia Speedmax Infinity;Garantia;1;;ativa;;;https://www.pneustore.com.br/speedmax;https://static.verumcommerce.com.br/product/Pneustore/574edae5eb9302cd4ccb.webp?w=768&q=50;
2026-10-09 13:18;PneuStore;Banner da página inicial;ITARO;Institucional / marca;0;;ativa;;;https://www.pneustore.com.br/itaro;https://static.verumcommerce.com.br/product/Pneustore/74ab501bd3312d6262a3.webp?w=768&q=50;
2026-10-09 13:18;PneuStore;Banner da página inicial;PARCERIA INSTITUTO AYTON SENNA;Institucional / marca;0;;ativa;;;https://www.pneustore.com.br/ayrtonsenna;https://static.verumcommerce.com.br/product/Pneustore/477b1e0c9192ddb92f59.webp?w=768&q=50;
2026-10-09 13:18;PneuStore;Banner da página inicial;Michelin;Institucional / marca;0;;ativa;;;https://www.pneustore.com.br/michelin;https://static.verumcommerce.com.br/product/Pneustore/199cbc19850f94f018cc.webp?w=768&q=50;
2026-10-09 13:18;PneuStore;Banner da página inicial;Imagem de marca: Itaro;Institucional / marca;0;;ativa;;;https://www.pneustore.com.br/marca/itaro;https://static.verumcommerce.com.br/other/Pneustore/brands/ItaroBanner.webp?w=150&q=50;
2026-10-09 13:18;PneuStore;Banner da página inicial;Imagem de marca: Speedmax;Institucional / marca;0;;ativa;;;https://www.pneustore.com.br/marca/speedmax;https://static.verumcommerce.com.br/other/Pneustore/banners/marca_SpeedmaxBanner.png?w=150&q=50;
2026-10-09 13:18;PneuStore;Banner da página inicial;Imagem de marca: Continental;Institucional / marca;0;;ativa;;;https://www.pneustore.com.br/marca/continental;https://static.verumcommerce.com.br/other/Pneustore/brands/Continental_banner_teste.webp?w=150&q=50;
2026-10-09 13:18;PneuStore;Banner da página inicial;Imagem de marca: Arcron;Institucional / marca;0;;ativa;;;https://www.pneustore.com.br/marca/arcron;https://static.verumcommerce.com.br/other/Pneustore/Brands/ARCRON-150-70.webp?w=150&q=50;
2026-10-09 13:18;PneuStore;Banner da página inicial;Imagem de marca: Suzuka;Institucional / marca;0;;ativa;;;https://www.pneustore.com.br/marca/suzuka;https://static.verumcommerce.com.br/other/Pneustore/Brands/SUZUKA 150.webp?w=150&q=50;
2026-10-09 13:18;PneuStore;Banner da página inicial;Imagem de marca: Easymax;Institucional / marca;0;;ativa;;;https://www.pneustore.com.br/marca/easymax;https://static.verumcommerce.com.br/other/Pneustore/Brands/EASYMAX 150.webp?w=150&q=50;
2026-10-09 13:18;PneuStore;Banner da página inicial;Imagem de marca: Pirelli;Institucional / marca;0;;ativa;;;https://www.pneustore.com.br/marca/pirelli;https://static.verumcommerce.com.br/other/Pneustore/Brands/150x70.webp?w=150&q=50;
2026-10-09 13:18;PneuStore;Banner da página inicial;Imagem de marca: Michelin;Institucional / marca;0;;ativa;;;https://www.pneustore.com.br/marca/michelin;https://static.verumcommerce.com.br/other/Pneustore/Brands/MICHELIN.webp?w=150&q=50;
2026-10-09 13:18;PneuStore;Banner da página inicial;Imagem de marca: Firestone;Institucional / marca;0;;ativa;;;https://www.pneustore.com.br/marca/firestone;https://static.verumcommerce.com.br/other/Pneustore/brands/Firestone_banner.webp?w=150&q=50;
2026-10-09 13:18;PneuStore;Banner da página inicial;Imagem de marca: Bridgestone;Institucional / marca;0;;ativa;;;https://www.pneustore.com.br/marca/bridgestone;https://static.verumcommerce.com.br/other/Pneustore/banners/marca_BridgeStoneBanner.png?w=150&q=50;
2026-10-09 13:18;PneuStore;Banner da página inicial;Imagem de marca: Barum;Institucional / marca;0;;ativa;;;https://www.pneustore.com.br/marca/barum;https://static.verumcommerce.com.br/other/Pneustore/brands/Barum_banner.webp?w=150&q=50;
2026-10-09 13:18;PneuStore;Banner da página inicial;Imagem de marca: Goodyear;Institucional / marca;0;;ativa;;;https://www.pneustore.com.br/marca/goodyear;https://static.verumcommerce.com.br/other/Pneustore/banners/marca_GoodYearBanner.png?w=150&q=50;
2026-10-09 13:18;PneuStore;Banner da página inicial;Imagem de marca: Ceat;Institucional / marca;0;;ativa;;;https://www.pneustore.com.br/marca/ceat;https://static.verumcommerce.com.br/other/Pneustore/brands/Ceat_banner.webp?w=150&q=50;
2026-10-09 13:18;PneuStore;Banner da página inicial;Imagem de marca: Onyx;Institucional / marca;0;;ativa;;;https://www.pneustore.com.br/marca/onyx;https://static.verumcommerce.com.br/other/Pneustore/brands/Onyx_banner.webp?w=150&q=50;
2026-10-09 13:18;PneuStore;Banner da página inicial;Imagem de marca: Kumho;Institucional / marca;0;;ativa;;;https://www.pneustore.com.br/marca/kumho;https://static.verumcommerce.com.br/other/Pneustore/Brands/KUMHO.webp?w=150&q=50;
2026-10-09 13:18;PneuStore;Banner da página inicial;Imagem de marca: Gripmaster;Institucional / marca;0;;ativa;;;https://www.pneustore.com.br/marca/gripmaster;https://static.verumcommerce.com.br/other/Pneustore/brands/Gripmaster_banner_01.webp?w=150&q=50;
2026-10-09 13:18;PneuStore;Banner da página inicial;Imagem de marca: General Tire;Institucional / marca;0;;ativa;;;https://www.pneustore.com.br/marca/general-tire;https://static.verumcommerce.com.br/other/Pneustore/brands/General Tyre_banner.webp?w=150&q=50;
2026-10-09 13:18;PneuStore;Banner da página inicial;Imagem de marca: Dynamo;Institucional / marca;0;;ativa;;;https://www.pneustore.com.br/marca/dynamo;https://static.verumcommerce.com.br/other/Pneustore/brands/Dynamo_banner.webp?w=150&q=50;
2026-10-09 13:18;PneuStore;Banner da página inicial;Imagem de marca: Aeolus;Institucional / marca;0;;ativa;;;https://www.pneustore.com.br/marca/aeolus;https://static.verumcommerce.com.br/other/Pneustore/Brands/AEOLUS.webp?w=150&q=50;
2026-10-09 13:18;PneuStore;Banner da página inicial;Imagem de marca: Bfgoodrich;Institucional / marca;0;;ativa;;;https://www.pneustore.com.br/marca/bfgoodrich;https://static.verumcommerce.com.br/other/Pneustore/Brands/BFG.webp?w=150&q=50;
2026-10-09 13:18;PneuStore;Banner da página inicial;Imagem de marca: Evergreen;Institucional / marca;0;;ativa;;;https://www.pneustore.com.br/marca/evergreen;https://static.verumcommerce.com.br/other/Pneustore/brands/Evergreen_banner.webp?w=150&q=50;
2026-10-09 13:18;PneuStore;Banner da página inicial;Imagem de marca: Hankook;Institucional / marca;0;;ativa;;;https://www.pneustore.com.br/marca/hankook;https://static.verumcommerce.com.br/other/Pneustore/Brands/HANKOOK.webp?w=150&q=50;
2026-10-09 13:18;PneuStore;Banner da página inicial;Imagem de marca: Maggion;Institucional / marca;0;;ativa;;;https://www.pneustore.com.br/marca/maggion;https://static.verumcommerce.com.br/other/Pneustore/Brands/MAGGION.webp?w=150&q=50;
2026-10-09 13:18;PneuStore;Banner da página inicial;Imagem de marca: Metzeler;Institucional / marca;0;;ativa;;;https://www.pneustore.com.br/marca/metzeler;https://static.verumcommerce.com.br/other/Pneustore/Brands/METZELER.webp?w=150&q=50;
2026-10-09 13:18;PneuStore;Banner da página inicial;Navegar para categoria: Carros;Institucional / marca;0;;ativa;;;https://www.pneustore.com.br/pneus/pneus-de-carro;https://static.verumcommerce.com.br/product/Pneustore/45ec628cf1ab96565b3b.webp?w=750&q=50;
2026-10-09 13:18;PneuStore;Banner da página inicial;Navegar para categoria: Caminhão e ônibus;Institucional / marca;0;;ativa;;;https://www.pneustore.com.br/pneus/pneus-de-caminhao-e-onibus;https://static.verumcommerce.com.br/product/Pneustore/dd9fd351a83fcbad2d40.webp?w=750&q=50;
2026-10-09 13:18;PneuStore;Banner da página inicial;Navegar para categoria: Motos;Institucional / marca;0;;ativa;;;https://www.pneustore.com.br/pneus/pneus-de-moto;https://static.verumcommerce.com.br/product/Pneustore/9212255f9ae899e97ca8.webp?w=750&q=50;
