item;grupo;medida;modelo;sku_roma;data_coleta;concorrente;equivalencia;roma_fonte_preco;roma_disponivel;conc_disponivel;conc_estoque_qtd;situacao_estoque;roma_preco_cheio;roma_preco_pix;roma_preco_parcelado;roma_n_parcelas;roma_valor_parcela;nome_anuncio_concorrente;conc_preco_cheio;conc_preco_pix;conc_preco_parcelado;conc_n_parcelas;conc_valor_parcela;conc_desconto_pix_pct;conc_desconto_parcelado_pct;dif_pix_pct;dif_parcelado_pct;dif_parcela_pct;classificacao_pix
1;Mais vendidos;175/65R14;Kelly Edge Touring 2 86H XL;924096;2026-10-07 15:38;Achei Pneus;mesmo produto;planilha;sim;sim;8;Ambos têm;306.81;288.4;288.4;6;48.07;Pneu 175/65R14 Goodyear Kelly Edge Touring 2 86H;348.85;306.99;348.85;12;29.07;0.1199942668768812;0.0;-0.060555718427310445;-0.17328364626630366;0.65359477124183;Competitivo
2;Mais vendidos;185/60R15;Kelly Edge Sport 2 88H XL;1452;2026-10-07 15:38;Achei Pneus;mesmo produto;planilha;sim;sim;8;Ambos têm;423.06;397.68;397.68;6;66.28;Pneu 185/60R15 Goodyear Kelly Edge Sport 2 88H;447.72;393.99;447.72;12;37.31;0.12000804073974813;0.0;0.009365719942130424;-0.11176628249798981;0.7764674350040204;Na média
3;Mais vendidos;205/65R16;Goodyear EfficientGrip SUV 95H;923983;2026-10-07 15:38;Achei Pneus;mesmo produto;planilha;sim;sim;8;Ambos têm;619.29;582.13;582.13;6;97.02;Pneu 205/65R16 Goodyear Efficientgrip SUV 95H Original Hyundai Creta;713.63;627.99;713.63;12;59.47;0.12000616566007594;0.0;-0.07302664055160113;-0.18426915908804287;0.6314107953590045;Competitivo
4;Mais vendidos;175/65R14;Goodyear Assurance Maxlife 86H XL;923865;2026-10-07 15:38;Achei Pneus;mesmo produto;planilha;sim;sim;8;Ambos têm;353.31;332.11;332.11;6;55.35;Pneu 175/65R14 Goodyear Assurance Maxlife 86H;390.9;343.99;390.9;12;32.57;0.12000511639805567;0.0;-0.03453588767115323;-0.15039652084932198;0.6994166410807492;Na média
5;Mais vendidos;175/70R13;Kelly Edge Touring 2 82T;924049;2026-10-07 15:38;Achei Pneus;mesmo produto;planilha;sim;sim;8;Ambos têm;297.51;279.66;279.66;6;46.61;Pneu 175/70R13 Goodyear Kelly Edge Touring 2 82T;328.4;288.99;328.4;12;27.37;0.12000609013398289;0.0;-0.03228485414720228;-0.14841656516443347;0.7029594446474241;Na média
6;Mais vendidos;185/65R15;Kelly Edge Sport 2 88H;1445;2026-10-07 15:38;Achei Pneus;mesmo produto;planilha;sim;sim;8;Ambos têm;433.29;407.29;407.29;6;67.88;Pneu 185/65R15 Goodyear Kelly Edge Sport 2 88H;476.13;418.99;476.13;12;39.68;0.12000924117362899;0.0;-0.027924294135898253;-0.14458236195996887;0.7106854838709677;Na média
7;Mais vendidos;225/75R16C;Goodyear Cargo Marathon 2 118/116R;923825;2026-10-07 15:38;Achei Pneus;mesmo produto;planilha;sim;nao;;Oportunidade: só a Roma tem;1097.31;1031.47;1031.47;6;171.91;;;;;;;;;;;;Concorrente sem estoque
8;Mais vendidos;215/55R17;Goodyear EfficientGrip SUV 94V;2081;2026-10-07 15:38;Achei Pneus;mesmo produto;planilha;sim;sim;8;Ambos têm;702.99;660.81;660.81;6;110.14;Pneu 215/55R17 Goodyear Efficientgrip SUV 94V;724.99;637.99;724.99;12;60.42;0.12000165519524408;0.0;0.03576858571450958;-0.08852535897046865;0.8229063224097981;Na média
9;Mais vendidos;175/70R13;Goodyear Assurance Maxlife 82T;923864;2026-10-07 15:38;Achei Pneus;mesmo produto;site;sim;sim;8;Ambos têm;353.31;332.11;332.11;6;55.35;Pneu 175/70R13 Goodyear Assurance Maxlife 82T;424.99;373.99;424.99;12;35.42;0.12000282359584935;0.0;-0.11198160378619748;-0.21854631873691144;0.5626764539808018;Competitivo
10;Mais vendidos;195/65R15;Kelly Edge Sport 2 91V;1453;2026-10-07 15:38;Achei Pneus;mesmo produto;planilha;nao;sim;8;Risco: só o concorrente tem;463.05;435.27;435.27;6;72.54;Pneu 195/65R15 Goodyear Kelly Edge Sport 2 91V;498.85;438.99;498.85;12;41.57;0.1199959907787912;0.0;-0.008473997129775257;-0.12745314222712245;0.7450084195333175;Na média
11;Mais pesquisados;205/55R16;Kelly Edge Sport 2 91V;924044;2026-10-07 15:38;Achei Pneus;mesmo produto;site;sim;sim;8;Ambos têm;427.71;402.05;402.05;6;67.01;Pneu 205/55R16 Goodyear Kelly Edge Sport 2 91V;452.26;397.99;452.26;12;37.69;0.11999734665900141;0.0;0.010201261338224521;-0.11102020961393888;0.7779251790925978;Na média
12;Mais pesquisados;175/70R14;Kelly Edge Touring 2 88T XL;924051;2026-10-07 15:38;Achei Pneus;mesmo produto;site;sim;sim;8;Ambos têm;368.19;346.1;346.1;6;57.68;Pneu 175/70R14 Goodyear Kelly Edge Touring 2 88T;429.53;377.99;429.53;12;35.79;0.11999161874607123;0.0;-0.08436731130453179;-0.1942355597979185;0.6116233584800224;Competitivo
13;Mais pesquisados;225/45R17;Kelly Edge Sport 2 91W;924045;2026-10-07 15:38;Achei Pneus;mesmo produto;site;sim;sim;8;Ambos têm;492.81;463.24;463.24;6;77.21;Pneu 225/45R17 Goodyear Kelly Edge Sport 2 91W;568.17;499.99;568.17;12;47.35;0.11999929598535641;0.0;-0.07350147002940055;-0.1846806413573402;0.6306230200633578;Competitivo
14;Mais pesquisados;195/55R16;Goodyear EfficientGrip Performance 91V XL;923993;2026-10-07 15:38;Achei Pneus;mesmo produto;site;sim;sim;8;Ambos têm;557.91;524.44;524.44;6;87.41;Pneu 195/55R16 Goodyear EfficientGrip Performance 91V;617.03;542.99;617.03;12;51.42;0.11999416559972764;0.0;-0.03416269176227915;-0.15005753366935148;0.6999222092570982;Na média
1;Mais vendidos;175/65R14;Kelly Edge Touring 2 86H XL;924096;2026-10-07 15:38;PneuStore;mesmo produto;planilha;sim;;;Oportunidade: só a Roma tem;306.81;288.4;288.4;6;48.07;;;;;;;;;;;;Sem dado
2;Mais vendidos;185/60R15;Kelly Edge Sport 2 88H XL;1452;2026-10-07 15:38;PneuStore;mesmo produto;planilha;sim;sim;;Ambos têm;423.06;397.68;397.68;6;66.28;Pneu Kelly by Goodyear Aro 15 Edge Sport 2 185/60R15 88H XL;481.59;394.9;481.59;10;48.15;0.18000789052928845;0.0;0.007039756900481198;-0.17423534541830177;0.3765316718587748;Na média
3;Mais vendidos;205/65R16;Goodyear EfficientGrip SUV 95H;923983;2026-10-07 15:38;PneuStore;mesmo produto;planilha;sim;sim;;Ambos têm;619.29;582.13;582.13;6;97.02;Pneu Goodyear Aro 16 EfficientGrip SUV 205/65R16 95H;755.45;679.9;755.45;10;75.54;0.10000661857171234;0.0;-0.1438005589057214;-0.22942616983255015;0.2843526608419378;Competitivo
4;Mais vendidos;175/65R14;Goodyear Assurance Maxlife 86H XL;923865;2026-10-07 15:38;PneuStore;mesmo produto;planilha;sim;sim;;Ambos têm;353.31;332.11;332.11;6;55.35;Pneu Goodyear Aro 14 Assurance Maxlife 175/65R14 86H XL;397.62;349.9;397.62;10;39.76;0.12001408379860179;0.0;-0.050843098028007905;-0.16475529399929578;0.39210261569416516;Competitivo
5;Mais vendidos;175/70R13;Kelly Edge Touring 2 82T;924049;2026-10-07 15:38;PneuStore;mesmo produto;planilha;sim;sim;;Ambos têm;297.51;279.66;279.66;6;46.61;Pneu Kelly by Goodyear Aro 13 Edge Touring 2 175/70R13 82T;333.23;299.9;333.23;10;33.32;0.10002100651201884;0.0;-0.06748916305435126;-0.16075983554902018;0.3988595438175271;Competitivo
6;Mais vendidos;185/65R15;Kelly Edge Sport 2 88H;1445;2026-10-07 15:38;PneuStore;mesmo produto;planilha;sim;sim;;Ambos têm;433.29;407.29;407.29;6;67.88;Pneu Kelly by Goodyear Aro 15 Edge Sport 2 185/65R15 88H;512.08;419.9;512.08;10;51.2;0.1800109357912827;0.0;-0.03003095975232184;-0.20463599437587876;0.3257812499999999;Na média
7;Mais vendidos;225/75R16C;Goodyear Cargo Marathon 2 118/116R;923825;2026-10-07 15:38;PneuStore;mesmo produto;planilha;sim;nao;;Oportunidade: só a Roma tem;1097.31;1031.47;1031.47;6;171.91;Pneu Goodyear Aro 16 Cargo Marathon 2 225/75R16C 118R 10 Lonas;;;;;;;;;;;Concorrente sem estoque
8;Mais vendidos;215/55R17;Goodyear EfficientGrip SUV 94V;2081;2026-10-07 15:38;PneuStore;mesmo produto;planilha;sim;sim;;Ambos têm;702.99;660.81;660.81;6;110.14;Pneu Goodyear Aro 17 EfficientGrip SUV 215/55R17 94V;749.89;674.9;749.89;10;74.98;0.1000013335289176;0.0;-0.020877166987701923;-0.1187907559775434;0.4689250466791144;Na média
9;Mais vendidos;175/70R13;Goodyear Assurance Maxlife 82T;923864;2026-10-07 15:38;PneuStore;mesmo produto;site;sim;sim;;Ambos têm;353.31;332.11;332.11;6;55.35;Pneu Goodyear Aro 13 Assurance Maxlife 175/70R13 82T;426.03;374.9;426.03;10;42.6;0.12001502241626172;0.0;-0.11413710322752724;-0.22045395864141015;0.29929577464788726;Competitivo
10;Mais vendidos;195/65R15;Kelly Edge Sport 2 91V;1453;2026-10-07 15:38;PneuStore;mesmo produto;planilha;nao;sim;;Risco: só o concorrente tem;463.05;435.27;435.27;6;72.54;Pneu Kelly by Goodyear Aro 15 Edge Sport 2 195/65R15 91V;536.47;439.9;536.47;10;53.64;0.18001006580051082;0.0;-0.010525119345305756;-0.18864055771990984;0.3523489932885908;Na média
11;Mais pesquisados;205/55R16;Kelly Edge Sport 2 91V;924044;2026-10-07 15:38;PneuStore;mesmo produto;site;sim;;;Oportunidade: só a Roma tem;427.71;402.05;402.05;6;67.01;;;;;;;;;;;;Sem dado
12;Mais pesquisados;175/70R14;Kelly Edge Touring 2 88T XL;924051;2026-10-07 15:38;PneuStore;mesmo produto;site;sim;sim;;Ambos têm;368.19;346.1;346.1;6;57.68;Pneu Kelly by Goodyear Aro 14 Edge Touring 2 175/70R14 88T XL;433.23;389.9;433.23;10;43.32;0.10001615769914374;0.0;-0.1123364965375736;-0.2011171894836461;0.33148661126500456;Competitivo
13;Mais pesquisados;225/45R17;Kelly Edge Sport 2 91W;924045;2026-10-07 15:38;PneuStore;mesmo produto;site;sim;sim;;Ambos têm;492.81;463.24;463.24;6;77.21;Pneu Kelly by Goodyear Aro 17 Edge Sport 2 225/45R17 91W;555.45;499.9;555.45;10;55.54;0.10000900171032512;0.0;-0.07333466693338664;-0.16600954181294447;0.39016924738926884;Competitivo
14;Mais pesquisados;195/55R16;Goodyear EfficientGrip Performance 91V XL;923993;2026-10-07 15:38;PneuStore;alternativo (EV);site;sim;sim;;Ambos têm;557.91;524.44;524.44;6;87.41;Pneu Goodyear Aro 16 EfficientGrip Performance EV 195/55R16 91V XL;999.89;899.9;999.89;10;99.98;0.10000100011001212;0.0;-0.41722413601511277;-0.47550230525357784;-0.1257251450290059;Competitivo
1;Mais vendidos;175/65R14;Kelly Edge Touring 2 86H XL;924096;2026-10-07 15:43;Achei Pneus;mesmo produto;planilha;sim;sim;8;Ambos têm;306.81;288.4;288.4;6;48.07;Pneu 175/65R14 Goodyear Kelly Edge Touring 2 86H;348.85;306.99;348.85;12;29.07;0.1199942668768812;0.0;-0.060555718427310445;-0.17328364626630366;0.65359477124183;Competitivo
2;Mais vendidos;185/60R15;Kelly Edge Sport 2 88H XL;1452;2026-10-07 15:43;Achei Pneus;mesmo produto;planilha;sim;sim;8;Ambos têm;423.06;397.68;397.68;6;66.28;Pneu 185/60R15 Goodyear Kelly Edge Sport 2 88H;447.72;393.99;447.72;12;37.31;0.12000804073974813;0.0;0.009365719942130424;-0.11176628249798981;0.7764674350040204;Na média
3;Mais vendidos;205/65R16;Goodyear EfficientGrip SUV 95H;923983;2026-10-07 15:43;Achei Pneus;mesmo produto;planilha;sim;sim;8;Ambos têm;619.29;582.13;582.13;6;97.02;Pneu 205/65R16 Goodyear Efficientgrip SUV 95H Original Hyundai Creta;713.63;627.99;713.63;12;59.47;0.12000616566007594;0.0;-0.07302664055160113;-0.18426915908804287;0.6314107953590045;Competitivo
4;Mais vendidos;175/65R14;Goodyear Assurance Maxlife 86H XL;923865;2026-10-07 15:43;Achei Pneus;mesmo produto;planilha;sim;sim;8;Ambos têm;353.31;332.11;332.11;6;55.35;Pneu 175/65R14 Goodyear Assurance Maxlife 86H;390.9;343.99;390.9;12;32.57;0.12000511639805567;0.0;-0.03453588767115323;-0.15039652084932198;0.6994166410807492;Na média
5;Mais vendidos;175/70R13;Kelly Edge Touring 2 82T;924049;2026-10-07 15:43;Achei Pneus;mesmo produto;planilha;sim;sim;8;Ambos têm;297.51;279.66;279.66;6;46.61;Pneu 175/70R13 Goodyear Kelly Edge Touring 2 82T;328.4;288.99;328.4;12;27.37;0.12000609013398289;0.0;-0.03228485414720228;-0.14841656516443347;0.7029594446474241;Na média
6;Mais vendidos;185/65R15;Kelly Edge Sport 2 88H;1445;2026-10-07 15:43;Achei Pneus;mesmo produto;planilha;sim;sim;8;Ambos têm;433.29;407.29;407.29;6;67.88;Pneu 185/65R15 Goodyear Kelly Edge Sport 2 88H;476.13;418.99;476.13;12;39.68;0.12000924117362899;0.0;-0.027924294135898253;-0.14458236195996887;0.7106854838709677;Na média
7;Mais vendidos;225/75R16C;Goodyear Cargo Marathon 2 118/116R;923825;2026-10-07 15:43;Achei Pneus;mesmo produto;planilha;sim;nao;;Oportunidade: só a Roma tem;1097.31;1031.47;1031.47;6;171.91;;;;;;;;;;;;Concorrente sem estoque
8;Mais vendidos;215/55R17;Goodyear EfficientGrip SUV 94V;2081;2026-10-07 15:43;Achei Pneus;mesmo produto;planilha;sim;sim;8;Ambos têm;702.99;660.81;660.81;6;110.14;Pneu 215/55R17 Goodyear Efficientgrip SUV 94V;724.99;637.99;724.99;12;60.42;0.12000165519524408;0.0;0.03576858571450958;-0.08852535897046865;0.8229063224097981;Na média
9;Mais vendidos;175/70R13;Goodyear Assurance Maxlife 82T;923864;2026-10-07 15:43;Achei Pneus;mesmo produto;site;sim;sim;8;Ambos têm;353.31;332.11;332.11;6;55.35;Pneu 175/70R13 Goodyear Assurance Maxlife 82T;424.99;373.99;424.99;12;35.42;0.12000282359584935;0.0;-0.11198160378619748;-0.21854631873691144;0.5626764539808018;Competitivo
10;Mais vendidos;195/65R15;Kelly Edge Sport 2 91V;1453;2026-10-07 15:43;Achei Pneus;mesmo produto;planilha;nao;sim;8;Risco: só o concorrente tem;463.05;435.27;435.27;6;72.54;Pneu 195/65R15 Goodyear Kelly Edge Sport 2 91V;498.85;438.99;498.85;12;41.57;0.1199959907787912;0.0;-0.008473997129775257;-0.12745314222712245;0.7450084195333175;Na média
11;Mais pesquisados;205/55R16;Kelly Edge Sport 2 91V;924044;2026-10-07 15:43;Achei Pneus;mesmo produto;site;sim;sim;8;Ambos têm;427.71;402.05;402.05;6;67.01;Pneu 205/55R16 Goodyear Kelly Edge Sport 2 91V;452.26;397.99;452.26;12;37.69;0.11999734665900141;0.0;0.010201261338224521;-0.11102020961393888;0.7779251790925978;Na média
12;Mais pesquisados;175/70R14;Kelly Edge Touring 2 88T XL;924051;2026-10-07 15:43;Achei Pneus;mesmo produto;site;sim;sim;8;Ambos têm;368.19;346.1;346.1;6;57.68;Pneu 175/70R14 Goodyear Kelly Edge Touring 2 88T;429.53;377.99;429.53;12;35.79;0.11999161874607123;0.0;-0.08436731130453179;-0.1942355597979185;0.6116233584800224;Competitivo
13;Mais pesquisados;225/45R17;Kelly Edge Sport 2 91W;924045;2026-10-07 15:43;Achei Pneus;mesmo produto;site;sim;sim;8;Ambos têm;492.81;463.24;463.24;6;77.21;Pneu 225/45R17 Goodyear Kelly Edge Sport 2 91W;568.17;499.99;568.17;12;47.35;0.11999929598535641;0.0;-0.07350147002940055;-0.1846806413573402;0.6306230200633578;Competitivo
14;Mais pesquisados;195/55R16;Goodyear EfficientGrip Performance 91V XL;923993;2026-10-07 15:43;Achei Pneus;mesmo produto;site;sim;sim;8;Ambos têm;557.91;524.44;524.44;6;87.41;Pneu 195/55R16 Goodyear EfficientGrip Performance 91V;617.03;542.99;617.03;12;51.42;0.11999416559972764;0.0;-0.03416269176227915;-0.15005753366935148;0.6999222092570982;Na média
1;Mais vendidos;175/65R14;Kelly Edge Touring 2 86H XL;924096;2026-10-07 15:43;PneuStore;mesmo produto;planilha;sim;sim;;Ambos têm;306.81;288.4;288.4;6;48.07;Pneu Kelly by Goodyear Aro 14 Edge Touring 2 175/65R14 86H XL;355.45;319.9;355.45;10;35.54;0.10001406667604451;0.0;-0.09846827133479208;-0.18863412575608385;0.3525604952166572;Competitivo
2;Mais vendidos;185/60R15;Kelly Edge Sport 2 88H XL;1452;2026-10-07 15:43;PneuStore;mesmo produto;planilha;sim;sim;;Ambos têm;423.06;397.68;397.68;6;66.28;Pneu Kelly by Goodyear Aro 15 Edge Sport 2 185/60R15 88H XL;481.59;394.9;481.59;10;48.15;0.18000789052928845;0.0;0.007039756900481198;-0.17423534541830177;0.3765316718587748;Na média
3;Mais vendidos;205/65R16;Goodyear EfficientGrip SUV 95H;923983;2026-10-07 15:43;PneuStore;mesmo produto;planilha;sim;sim;;Ambos têm;619.29;582.13;582.13;6;97.02;Pneu Goodyear Aro 16 EfficientGrip SUV 205/65R16 95H;755.45;679.9;755.45;10;75.54;0.10000661857171234;0.0;-0.1438005589057214;-0.22942616983255015;0.2843526608419378;Competitivo
4;Mais vendidos;175/65R14;Goodyear Assurance Maxlife 86H XL;923865;2026-10-07 15:43;PneuStore;mesmo produto;planilha;sim;sim;;Ambos têm;353.31;332.11;332.11;6;55.35;Pneu Goodyear Aro 14 Assurance Maxlife 175/65R14 86H XL;397.62;349.9;397.62;10;39.76;0.12001408379860179;0.0;-0.050843098028007905;-0.16475529399929578;0.39210261569416516;Competitivo
5;Mais vendidos;175/70R13;Kelly Edge Touring 2 82T;924049;2026-10-07 15:43;PneuStore;mesmo produto;planilha;sim;sim;;Ambos têm;297.51;279.66;279.66;6;46.61;Pneu Kelly by Goodyear Aro 13 Edge Touring 2 175/70R13 82T;333.23;299.9;333.23;10;33.32;0.10002100651201884;0.0;-0.06748916305435126;-0.16075983554902018;0.3988595438175271;Competitivo
6;Mais vendidos;185/65R15;Kelly Edge Sport 2 88H;1445;2026-10-07 15:43;PneuStore;mesmo produto;planilha;sim;sim;;Ambos têm;433.29;407.29;407.29;6;67.88;Pneu Kelly by Goodyear Aro 15 Edge Sport 2 185/65R15 88H;512.08;419.9;512.08;10;51.2;0.1800109357912827;0.0;-0.03003095975232184;-0.20463599437587876;0.3257812499999999;Na média
7;Mais vendidos;225/75R16C;Goodyear Cargo Marathon 2 118/116R;923825;2026-10-07 15:43;PneuStore;mesmo produto;planilha;sim;nao;;Oportunidade: só a Roma tem;1097.31;1031.47;1031.47;6;171.91;Pneu Goodyear Aro 16 Cargo Marathon 2 225/75R16C 118R 10 Lonas;;;;;;;;;;;Concorrente sem estoque
8;Mais vendidos;215/55R17;Goodyear EfficientGrip SUV 94V;2081;2026-10-07 15:43;PneuStore;mesmo produto;planilha;sim;sim;;Ambos têm;702.99;660.81;660.81;6;110.14;Pneu Goodyear Aro 17 EfficientGrip SUV 215/55R17 94V;749.89;674.9;749.89;10;74.98;0.1000013335289176;0.0;-0.020877166987701923;-0.1187907559775434;0.4689250466791144;Na média
9;Mais vendidos;175/70R13;Goodyear Assurance Maxlife 82T;923864;2026-10-07 15:43;PneuStore;mesmo produto;site;sim;sim;;Ambos têm;353.31;332.11;332.11;6;55.35;Pneu Goodyear Aro 13 Assurance Maxlife 175/70R13 82T;426.03;374.9;426.03;10;42.6;0.12001502241626172;0.0;-0.11413710322752724;-0.22045395864141015;0.29929577464788726;Competitivo
10;Mais vendidos;195/65R15;Kelly Edge Sport 2 91V;1453;2026-10-07 15:43;PneuStore;mesmo produto;planilha;nao;sim;;Risco: só o concorrente tem;463.05;435.27;435.27;6;72.54;Pneu Kelly by Goodyear Aro 15 Edge Sport 2 195/65R15 91V;536.47;439.9;536.47;10;53.64;0.18001006580051082;0.0;-0.010525119345305756;-0.18864055771990984;0.3523489932885908;Na média
11;Mais pesquisados;205/55R16;Kelly Edge Sport 2 91V;924044;2026-10-07 15:43;PneuStore;mesmo produto;site;sim;sim;;Ambos têm;427.71;402.05;402.05;6;67.01;Pneu Kelly by Goodyear Aro 16 Edge Sport 2 205/55R16 91V;444.33;399.89;444.33;10;44.43;0.10001575405666963;0.0;0.005401485408487394;-0.0951545022843382;0.5082151699302275;Na média
12;Mais pesquisados;175/70R14;Kelly Edge Touring 2 88T XL;924051;2026-10-07 15:43;PneuStore;mesmo produto;site;sim;sim;;Ambos têm;368.19;346.1;346.1;6;57.68;Pneu Kelly by Goodyear Aro 14 Edge Touring 2 175/70R14 88T XL;433.23;389.9;433.23;10;43.32;0.10001615769914374;0.0;-0.1123364965375736;-0.2011171894836461;0.33148661126500456;Competitivo
13;Mais pesquisados;225/45R17;Kelly Edge Sport 2 91W;924045;2026-10-07 15:43;PneuStore;mesmo produto;site;sim;sim;;Ambos têm;492.81;463.24;463.24;6;77.21;Pneu Kelly by Goodyear Aro 17 Edge Sport 2 225/45R17 91W;555.45;499.9;555.45;10;55.54;0.10000900171032512;0.0;-0.07333466693338664;-0.16600954181294447;0.39016924738926884;Competitivo
14;Mais pesquisados;195/55R16;Goodyear EfficientGrip Performance 91V XL;923993;2026-10-07 15:43;PneuStore;alternativo (EV);site;sim;sim;;Ambos têm;557.91;524.44;524.44;6;87.41;Pneu Goodyear Aro 16 EfficientGrip Performance EV 195/55R16 91V XL;999.89;899.9;999.89;10;99.98;0.10000100011001212;0.0;-0.41722413601511277;-0.47550230525357784;-0.1257251450290059;Competitivo
