item;grupo;medida;modelo;sku_roma;roma_preco_cheio;roma_disponivel;equivalencia_pneustore;url_pneustore;url_acheipneus;sku_acheipneus
1;Mais vendidos;175/65R14;Kelly Edge Touring 2 86H XL;924096;306.81;sim;mesmo produto;https://www.pneustore.com.br/pneu-kelly-by-goodyear-aro-14-edge-touring-2-175-65r14-86h-xl-16007686;https://www.acheipneus.com.br/pneu-17565r14-goodyear-kelly-edge-touring-2-86h;50564
2;Mais vendidos;185/60R15;Kelly Edge Sport 2 88H XL;1452;423.06;sim;mesmo produto;https://www.pneustore.com.br/pneu-kelly-by-goodyear-aro-15-edge-sport-2-185-60r15-88h-xl-16015387;https://www.acheipneus.com.br/pneu-18560r15-goodyear-kelly-edge-sport-2-88h;59684
3;Mais vendidos;205/65R16;Goodyear EfficientGrip SUV 95H;923983;619.29;sim;mesmo produto;https://www.pneustore.com.br/pneu-goodyear-aro-16-efficientgrip-suv-205-65r16-95h-16001154;https://www.acheipneus.com.br/pneu-205-65-r16-efficientgrip-suv-95h-goodyear-original-hyundai-creta-p988568;2042
4;Mais vendidos;175/65R14;Goodyear Assurance Maxlife 86H XL;923865;353.31;sim;mesmo produto;https://www.pneustore.com.br/pneu-goodyear-aro-14-assurance-maxlife-175-65r14-86h-xl-10130199;https://www.acheipneus.com.br/pneu-175-65r14-goodyear-assurance-maxlife-86h-p994546;26397
5;Mais vendidos;175/70R13;Kelly Edge Touring 2 82T;924049;297.51;sim;mesmo produto;https://www.pneustore.com.br/pneu-kelly-by-goodyear-aro-13-edge-touring-2-175-70r13-82t-16009113;https://www.acheipneus.com.br/pneu-17570r13-goodyear-kelly-edge-touring-2-82t;50705
6;Mais vendidos;185/65R15;Kelly Edge Sport 2 88H;1445;433.29;sim;mesmo produto;https://www.pneustore.com.br/pneu-kelly-by-goodyear-aro-15-edge-sport-2-185-65r15-88h-16015386;https://www.acheipneus.com.br/pneu-18565r15-goodyear-kelly-edge-sport-2-88h;59686
7;Mais vendidos;225/75R16C;Goodyear Cargo Marathon 2 118/116R;923825;1097.31;sim;mesmo produto;https://www.pneustore.com.br/pneu-goodyear-aro-16-cargo-marathon-2-225-75r16c-118r-10-lonas-9070029;https://www.acheipneus.com.br/pneu-225-75r16c-goodyear-cargo-marathon-ii-118-116r-p991410;
8;Mais vendidos;215/55R17;Goodyear EfficientGrip SUV 94V;2081;702.99;sim;mesmo produto;https://www.pneustore.com.br/pneu-goodyear-aro-17-efficientgrip-suv-215-55r17-94v-16017792;https://www.acheipneus.com.br/pneu-215-55r17-efficientgrip-suv-goodyear-94v-p989035;20303
9;Mais vendidos;175/70R13;Goodyear Assurance Maxlife 82T;923864;353.31;sim;mesmo produto;https://www.pneustore.com.br/pneu-goodyear-aro-13-assurance-maxlife-175-70r13-82t-10130198;https://www.acheipneus.com.br/pneu-175-70r13-goodyear-assurance-maxlife-82t-p994549;26497
10;Mais vendidos;195/65R15;Kelly Edge Sport 2 91V;1453;463.05;nao;mesmo produto;https://www.pneustore.com.br/pneu-kelly-by-goodyear-aro-15-edge-sport-2-195-65r15-91v-16015388;https://www.acheipneus.com.br/pneu-19565r15-goodyearkelly-edge-sport-2-91v;59687
11;Mais pesquisados;205/55R16;Kelly Edge Sport 2 91V;924044;427.71;sim;mesmo produto;https://www.pneustore.com.br/pneu-kelly-by-goodyear-aro-16-edge-sport-2-205-55r16-91v-16009120;https://www.acheipneus.com.br/pneu-20555r16-goodyear-kelly-edge-sport-2-91v;50568
12;Mais pesquisados;175/70R14;Kelly Edge Touring 2 88T XL;924051;368.19;sim;mesmo produto;https://www.pneustore.com.br/pneu-kelly-by-goodyear-aro-14-edge-touring-2-175-70r14-88t-xl-16009114;https://www.acheipneus.com.br/pneu-17570r14-goodyear-kelly-edge-touring-2-88t;50473
13;Mais pesquisados;225/45R17;Kelly Edge Sport 2 91W;924045;492.81;sim;mesmo produto;https://www.pneustore.com.br/pneu-kelly-by-goodyear-aro-17-edge-sport-2-225-45r17-91w-16009127;https://www.acheipneus.com.br/pneu-22545r17-goodyear-kelly-edge-sport-2-91w;51820
14;Mais pesquisados;195/55R16;Goodyear EfficientGrip Performance 91V XL;923993;557.91;sim;alternativo (EV);https://www.pneustore.com.br/pneu-goodyear-aro-16-efficientgrip-performance-ev-195-55r16-91v-xl-16009338;https://www.acheipneus.com.br/pneu-195-55-r16-efficientgrip-performance-91v-goodyear-p988638;5233
